{"cameraMode":{"drawMode":0,"name":"Shaded","section":"Shading Mode"},"sceneLighting":true,"audioPlay":false,"sceneViewState":{"showFog":true,"showMaterialUpdate":false,"showSkybox":true,"showFlares":true,"showImageEffects":true,"showParticleSystems":true},"in2DMode":false,"pivot":{"x":-0.22390174865722657,"y":1.7846901416778565,"z":-0.7432811260223389},"rotation":{"x":0.32221174240112307,"y":0.35764172673225405,"z":-0.13303117454051972,"w":0.8663748502731323},"size":1.9785606861114503,"orthographic":false}