{"cameraMode":{"drawMode":0,"name":"Shaded","section":"Shading Mode"},"sceneLighting":true,"audioPlay":false,"sceneViewState":{"showFog":true,"showMaterialUpdate":false,"showSkybox":true,"showFlares":true,"showImageEffects":true,"showParticleSystems":true},"in2DMode":false,"pivot":{"x":-0.09816169738769531,"y":0.3091397285461426,"z":-3.907276153564453},"rotation":{"x":0.16353853046894074,"y":-0.6446703672409058,"z":0.14386144280433656,"w":0.7328075170516968},"size":5.509768962860107,"orthographic":false}