{"cameraMode":{"drawMode":0,"name":"Shaded","section":"Shading Mode"},"sceneLighting":true,"audioPlay":false,"sceneViewState":{"showFog":true,"showMaterialUpdate":false,"showSkybox":true,"showFlares":true,"showImageEffects":true,"showParticleSystems":true},"in2DMode":false,"pivot":{"x":-0.6331802010536194,"y":1.186488151550293,"z":-0.23901686072349549},"rotation":{"x":0.2862605154514313,"y":-0.2437090128660202,"z":0.07553974539041519,"w":0.9235562682151794},"size":3.9952447414398195,"orthographic":false}