{"cameraMode":{"drawMode":0,"name":"Shaded","section":"Shading Mode"},"sceneLighting":true,"audioPlay":false,"sceneViewState":{"showFog":true,"showMaterialUpdate":false,"showSkybox":true,"showFlares":true,"showImageEffects":true,"showParticleSystems":true},"in2DMode":false,"pivot":{"x":-0.8570725917816162,"y":-0.18501552939414979,"z":-0.8570259809494019},"rotation":{"x":0.2535211145877838,"y":-0.23645739257335664,"z":0.06406101584434509,"w":0.9357963800430298},"size":4.7733659744262699,"orthographic":false}