{"cameraMode":{"drawMode":0,"name":"Shaded","section":"Shading Mode"},"sceneLighting":false,"audioPlay":false,"sceneViewState":{"showFog":true,"showMaterialUpdate":false,"showSkybox":false,"showFlares":true,"showImageEffects":true,"showParticleSystems":true},"in2DMode":false,"pivot":{"x":-2.5291588306427,"y":5.032618999481201,"z":10.000365257263184},"rotation":{"x":-0.20142337679862977,"y":-0.000885237765032798,"z":0.0001829761895351112,"w":-0.9795064330101013},"size":10.0,"orthographic":false}