{"cameraMode":{"drawMode":0,"name":"Shaded","section":"Shading Mode"},"sceneLighting":true,"audioPlay":false,"sceneViewState":{"showFog":true,"showMaterialUpdate":false,"showSkybox":true,"showFlares":true,"showImageEffects":true,"showParticleSystems":true},"in2DMode":false,"pivot":{"x":0.5945277214050293,"y":1.6103425025939942,"z":0.8675837516784668},"rotation":{"x":0.23448744416236878,"y":-0.45411837100982668,"z":0.1252245157957077,"w":0.8503602147102356},"size":3.9952447414398195,"orthographic":false}