{"cameraMode":{"drawMode":0,"name":"Shaded","section":"Shading Mode"},"sceneLighting":true,"audioPlay":false,"sceneViewState":{"showFog":true,"showMaterialUpdate":false,"showSkybox":true,"showFlares":true,"showImageEffects":true,"showParticleSystems":true},"in2DMode":false,"pivot":{"x":0.05806159973144531,"y":4.426191329956055,"z":0.01576685905456543},"rotation":{"x":0.11685685813426972,"y":-0.8292762041091919,"z":0.18898504972457887,"w":0.5127743482589722},"size":1.8073949813842774,"orthographic":false}